Mail ID,Author,Subject,TimeStamp,Content,Vendor,Item,Buyer,Amount,Quality,Weapon,Type,Vendor Type
00278486,SWG.Restoration.auctioner,Vendor Sale Complete,2022-02-12 20:50:33,"Vendor: MM Weapons has sold MM | Clearance E11 Carbine to djrtykow sloth for 60000 credits.
The sale took place at Tatooine, on Tatooine.",MM Weapons,MM | Clearance E11 Carbine,djrtykow sloth,60000,Clearance,E11 Carbine,Carbine,Weapon
00284221,SWG.Restoration.auctioner,Vendor Sale Complete,2022-02-13 07:37:53,"Vendor: Robo Vendor has sold Extrusive Ore (Eenagooite) 1000000 to Saraya Kasari for 9999999 credits.
The sale took place at Plains of Dust, on Lok.",Robo Vendor,Extrusive Ore (Eenagooite) 1000000,Saraya Kasari,9999999,,,,Other
00284223,SWG.Restoration.auctioner,Vendor Sale Complete,2022-02-13 07:37:56,"Vendor: Robo Vendor has sold Extrusive Ore (Eenagooite) 1000000 to Saraya Kasari for 9999999 credits.
The sale took place at Plains of Dust, on Lok.",Robo Vendor,Extrusive Ore (Eenagooite) 1000000,Saraya Kasari,9999999,,,,Other
00284225,SWG.Restoration.auctioner,Vendor Sale Complete,2022-02-13 07:37:59,"Vendor: Robo Vendor has sold Extrusive Ore (Eenagooite)  16849 to Saraya Kasari for 2 credits.
The sale took place at Plains of Dust, on Lok.",Robo Vendor,Extrusive Ore (Eenagooite)  16849,Saraya Kasari,2,,,,Other
00294252,SWG.Restoration.auctioner,Vendor Sale Complete,2022-02-14 07:38:21,"Vendor: MM Weapons has sold MM | Clearance Light Lightning Rifle to Knai Ta'Yok for 60000 credits.
The sale took place at Tatooine, on Tatooine.",MM Weapons,MM | Clearance Light Lightning Rifle,Knai Ta'Yok,60000,Clearance,Light Lightning Rifle,Rifle,Weapon
00294975,SWG.Restoration.auctioner,Vendor Sale Complete,2022-02-14 12:07:02,"Vendor: MM Weapons has sold MM | Clearance Vibro Knuckler to Warton Freemn for 60000 credits.
The sale took place at Tatooine, on Tatooine.",MM Weapons,MM | Clearance Vibro Knuckler,Warton Freemn,60000,Clearance,Vibro Knuckler,Melee,Weapon
00303598,SWG.Restoration.auctioner,Vendor Sale Complete,2022-02-15 11:37:27,"Vendor: MM Weapons has sold MM | Clearance Power Hammer to equaa Iseri for 60000 credits.
The sale took place at Tatooine, on Tatooine.",MM Weapons,MM | Clearance Power Hammer,equaa Iseri,60000,Clearance,Power Hammer,Two Hand,Weapon
00327271,SWG.Restoration.auctioner,Vendor Sale Complete,2022-02-18 03:07:06,"Vendor: MM Weapons has sold MM | Clearance Light Lightning Rifle to Saren Vindecus for 60000 credits.
The sale took place at Tatooine, on Tatooine.",MM Weapons,MM | Clearance Light Lightning Rifle,Saren Vindecus,60000,Clearance,Light Lightning Rifle,Rifle,Weapon
00328104,SWG.Restoration.auctioner,Vendor Sale Complete,2022-02-18 04:21:12,"Vendor: MM Weapons has sold MM | Clearance Vibro Knuckler to Gevu Ximu for 60000 credits.
The sale took place at Tatooine, on Tatooine.",MM Weapons,MM | Clearance Vibro Knuckler,Gevu Ximu,60000,Clearance,Vibro Knuckler,Melee,Weapon
00333416,SWG.Restoration.auctioner,Vendor Sale Complete,2022-02-18 21:08:35,"Vendor: MM Weapons has sold MM | Clearance Long Vibro Axe to Mauldinz for 60000 credits.
The sale took place at Tatooine, on Tatooine.",MM Weapons,MM | Clearance Long Vibro Axe,Mauldinz,60000,Clearance,Long Vibro Axe,Polearm,Weapon
00342369,SWG.Restoration.auctioner,Vendor Sale Complete,2022-02-19 19:12:12,"Vendor: MM Weapons has sold MM | Clearance Power Hammer to Babar for 60000 credits.
The sale took place at Tatooine, on Tatooine.",MM Weapons,MM | Clearance Power Hammer,Babar,60000,Clearance,Power Hammer,Two Hand,Weapon
00344961,SWG.Restoration.auctioner,Vendor Sale Complete,2022-02-19 23:24:36,"Vendor: MM Weapons has sold MM | Clearance Vibro Knuckler to Ativad for 60000 credits.
The sale took place at Tatooine, on Tatooine.",MM Weapons,MM | Clearance Vibro Knuckler,Ativad,60000,Clearance,Vibro Knuckler,Melee,Weapon
00362071,SWG.Restoration.auctioner,Vendor Sale Complete,2022-02-21 04:21:15,"Vendor: Harvesters and more by Yarr has sold Military Travel Pack to Yarr Myssk for 2000000 credits.
The sale took place at Tatooine, on Tatooine.",Harvesters and more by Yarr,Military Travel Pack,Yarr Myssk,2000000,,,,Other
00362073,SWG.Restoration.auctioner,Vendor Sale Complete,2022-02-21 04:21:22,"Vendor: Harvesters and more by Yarr has sold Cab Tech Full Set to Yarr Myssk for 1 credits.
The sale took place at Tatooine, on Tatooine.",Harvesters and more by Yarr,Cab Tech Full Set,Yarr Myssk,1,,,,Other
00378124,SWG.Restoration.auctioner,Vendor Sale Complete,2022-02-23 01:22:16,"Vendor: MM Weapons has sold MM | Clearance T21 Rifle to Pyrotosis for 60000 credits.
The sale took place at Tatooine, on Tatooine.",MM Weapons,MM | Clearance T21 Rifle,Pyrotosis,60000,Clearance,T21 Rifle,Rifle,Weapon
00379445,SWG.Restoration.auctioner,Vendor Sale Complete,2022-02-23 03:05:55,"Vendor: MM Weapons has sold MM | Sliced DL44 XT to Geolan Eclaih for 125000 credits.
The sale took place at Tatooine, on Tatooine.",MM Weapons,MM | Sliced DL44 XT,Geolan Eclaih,125000,Sliced,DL44 XT,Pistol,Weapon
00387156,SWG.Restoration.auctioner,Vendor Sale Complete,2022-02-24 02:40:13,"Vendor: MM Weapons has sold MM | Sliced EE3 Carbine to Saren Vindecus for 125000 credits.
The sale took place at Tatooine, on Tatooine.",MM Weapons,MM | Sliced EE3 Carbine,Saren Vindecus,125000,Sliced,EE3 Carbine,Carbine,Weapon
00405280,SWG.Restoration.auctioner,Vendor Sale Complete,2022-02-26 14:07:37,"Vendor: MM Weapons has sold MM | Sliced Vibro Knuckler to Warton Freemn for 125000 credits.
The sale took place at Tatooine, on Tatooine.",MM Weapons,MM | Sliced Vibro Knuckler,Warton Freemn,125000,Sliced,Vibro Knuckler,Melee,Weapon
00405286,SWG.Restoration.auctioner,Vendor Sale Complete,2022-02-26 14:07:52,"Vendor: MM Weapons has sold MM | Sliced Vibro Knuckler to Warton Freemn for 125000 credits.
The sale took place at Tatooine, on Tatooine.",MM Weapons,MM | Sliced Vibro Knuckler,Warton Freemn,125000,Sliced,Vibro Knuckler,Melee,Weapon
00442364,SWG.Restoration.auctioner,Vendor Sale Complete,2022-03-03 07:03:31,"Vendor: MM Weapons has sold MM | Sliced Long Vibro Axe to Odasal E'onio for 125000 credits.
The sale took place at Tatooine, on Tatooine.",MM Weapons,MM | Sliced Long Vibro Axe,Odasal E'onio,125000,Sliced,Long Vibro Axe,Polearm,Weapon
00445391,SWG.Restoration.auctioner,Vendor Sale Complete,2022-03-03 22:05:21,"Vendor: A-A Rares And Furniture has sold MM | Premium LD-1 Rifle to A-A Builder for 350000 credits.
The sale took place at Nym Protectorate, on Lok.",A-A Rares And Furniture,MM | Premium LD-1 Rifle,A-A Builder,350000,Premium,LD-1 Rifle,Rifle,Weapon
00451700,SWG.Restoration.auctioner,Vendor Sale Complete,2022-03-04 21:19:10,"Vendor: Loot has sold LD-1 Rifle to Ralna for 10000 credits.
The sale took place at Plains of Dust, on Lok.",Loot,LD-1 Rifle,Ralna,10000,,,,Other
00457091,SWG.Restoration.auctioner,Vendor Sale Complete,2022-03-05 16:07:24,"Vendor: MM Weapons has sold MM | Sliced Vibro Knuckler to Jeina Hellscream for 125000 credits.
The sale took place at Tatooine, on Tatooine.",MM Weapons,MM | Sliced Vibro Knuckler,Jeina Hellscream,125000,Sliced,Vibro Knuckler,Melee,Weapon
00457808,SWG.Restoration.auctioner,Vendor Sale Complete,2022-03-05 18:15:56,"Vendor: MM Weapons has sold MM | Sliced Long Vibro Axe to FluffyHobo for 125000 credits.
The sale took place at Tatooine, on Tatooine.",MM Weapons,MM | Sliced Long Vibro Axe,FluffyHobo,125000,Sliced,Long Vibro Axe,Polearm,Weapon
00458928,SWG.Restoration.auctioner,Vendor Sale Complete,2022-03-05 21:14:59,"Vendor: MM Weapons has sold MM | Enhanced DL44 XT to Revenant for 200000 credits.
The sale took place at Tatooine, on Tatooine.",MM Weapons,MM | Enhanced DL44 XT,Revenant,200000,Enhanced,DL44 XT,Pistol,Weapon
00458935,SWG.Restoration.auctioner,Vendor Sale Complete,2022-03-05 21:16:21,"Vendor: MM Weapons has sold MM | Enhanced DL44 XT to Revenant for 200000 credits.
The sale took place at Tatooine, on Tatooine.",MM Weapons,MM | Enhanced DL44 XT,Revenant,200000,Enhanced,DL44 XT,Pistol,Weapon
00458937,SWG.Restoration.auctioner,Vendor Sale Complete,2022-03-05 21:16:24,"Vendor: MM Weapons has sold MM | Enhanced DL44 XT to Revenant for 200000 credits.
The sale took place at Tatooine, on Tatooine.",MM Weapons,MM | Enhanced DL44 XT,Revenant,200000,Enhanced,DL44 XT,Pistol,Weapon
00462282,SWG.Restoration.auctioner,Vendor Sale Complete,2022-03-06 04:59:46,"Vendor: MM Weapons has sold MM | Sliced Light Lightning Rifle to BluFalcoN Sua-Sponte for 125000 credits.
The sale took place at Tatooine, on Tatooine.",MM Weapons,MM | Sliced Light Lightning Rifle,BluFalcoN Sua-Sponte,125000,Sliced,Light Lightning Rifle,Rifle,Weapon
00462736,SWG.Restoration.auctioner,Vendor Sale Complete,2022-03-06 06:38:04,"Vendor: MM Weapons has sold MM | Sliced Power Hammer to Marshall SoloWest for 125000 credits.
The sale took place at Tatooine, on Tatooine.",MM Weapons,MM | Sliced Power Hammer,Marshall SoloWest,125000,Sliced,Power Hammer,Two Hand,Weapon
00463749,SWG.Restoration.auctioner,Vendor Sale Complete,2022-03-06 10:32:48,"Vendor: MM Weapons has sold MM | Sliced T21 Rifle to Dous for 125000 credits.
The sale took place at Tatooine, on Tatooine.",MM Weapons,MM | Sliced T21 Rifle,Dous,125000,Sliced,T21 Rifle,Rifle,Weapon
00464437,SWG.Restoration.auctioner,Vendor Sale Complete,2022-03-06 12:26:31,"Vendor: MM Weapons has sold MM | Enhanced DL44 XT to Revenant for 200000 credits.
The sale took place at Tatooine, on Tatooine.",MM Weapons,MM | Enhanced DL44 XT,Revenant,200000,Enhanced,DL44 XT,Pistol,Weapon
00464439,SWG.Restoration.auctioner,Vendor Sale Complete,2022-03-06 12:26:34,"Vendor: MM Weapons has sold MM | Enhanced DL44 XT to Revenant for 200000 credits.
The sale took place at Tatooine, on Tatooine.",MM Weapons,MM | Enhanced DL44 XT,Revenant,200000,Enhanced,DL44 XT,Pistol,Weapon
00464441,SWG.Restoration.auctioner,Vendor Sale Complete,2022-03-06 12:26:37,"Vendor: MM Weapons has sold MM | Enhanced DL44 XT to Revenant for 200000 credits.
The sale took place at Tatooine, on Tatooine.",MM Weapons,MM | Enhanced DL44 XT,Revenant,200000,Enhanced,DL44 XT,Pistol,Weapon
00473055,SWG.Restoration.auctioner,Vendor Sale Complete,2022-03-07 16:27:11,"Vendor: MM Weapons has sold MM | Sliced T21 Rifle to Morpheos Jardin for 125000 credits.
The sale took place at Tatooine, on Tatooine.",MM Weapons,MM | Sliced T21 Rifle,Morpheos Jardin,125000,Sliced,T21 Rifle,Rifle,Weapon
00492835,SWG.Restoration.auctioner,Vendor Sale Complete,2022-03-10 19:46:08,"Vendor: MM Weapons has sold MM | Sliced Vibro Knuckler to Eldoran Asla for 125000 credits.
The sale took place at Tatooine, on Tatooine.",MM Weapons,MM | Sliced Vibro Knuckler,Eldoran Asla,125000,Sliced,Vibro Knuckler,Melee,Weapon
00496482,SWG.Restoration.auctioner,Vendor Sale Complete,2022-03-11 08:40:39,"Vendor: MM Weapons has sold MM | Clearance Vibro Knuckler to Lumen Airi for 60000 credits.
The sale took place at Tatooine, on Tatooine.",MM Weapons,MM | Clearance Vibro Knuckler,Lumen Airi,60000,Clearance,Vibro Knuckler,Melee,Weapon
00502935,SWG.Restoration.auctioner,Vendor Sale Complete,2022-03-12 11:50:20,"Vendor: MM Weapons has sold MM | Sliced Long Vibro Axe to Misat for 125000 credits.
The sale took place at Tatooine, on Tatooine.",MM Weapons,MM | Sliced Long Vibro Axe,Misat,125000,Sliced,Long Vibro Axe,Polearm,Weapon
00507314,SWG.Restoration.auctioner,Vendor Sale Complete,2022-03-13 02:40:39,"Vendor: MM Weapons has sold MM | Sliced Rocket Launcher to Dukegar Sun for 125000 credits.
The sale took place at Tatooine, on Tatooine.",MM Weapons,MM | Sliced Rocket Launcher,Dukegar Sun,125000,Sliced,Rocket Launcher,Heavy,Weapon
00509045,SWG.Restoration.auctioner,Vendor Sale Complete,2022-03-13 08:02:18,"Vendor: MM Weapons has sold MM | Clearance Long Vibro Axe to Lumen Airi for 60000 credits.
The sale took place at Tatooine, on Tatooine.",MM Weapons,MM | Clearance Long Vibro Axe,Lumen Airi,60000,Clearance,Long Vibro Axe,Polearm,Weapon
00510570,SWG.Restoration.auctioner,Vendor Sale Complete,2022-03-13 16:08:58,"Vendor: MM Weapons has sold MM | Enhanced Light Lightning Rifle to Saren Vindecus for 225000 credits.
The sale took place at Tatooine, on Tatooine.",MM Weapons,MM | Enhanced Light Lightning Rifle,Saren Vindecus,225000,Enhanced,Light Lightning Rifle,Rifle,Weapon
00510612,SWG.Restoration.auctioner,Vendor Sale Complete,2022-03-13 16:20:28,"Vendor: MM Weapons has sold MM | Enhanced Light Lightning Rifle to Melack for 175000 credits.
The sale took place at Tatooine, on Tatooine.",MM Weapons,MM | Enhanced Light Lightning Rifle,Melack,175000,Enhanced,Light Lightning Rifle,Rifle,Weapon
00516433,SWG.Restoration.auctioner,Vendor Sale Complete,2022-03-14 09:08:16,"Vendor: MM Weapons has sold MM | Enhanced Elite Carbine to Zahkul Inko for 175000 credits.
The sale took place at Tatooine, on Tatooine.",MM Weapons,MM | Enhanced Elite Carbine,Zahkul Inko,175000,Enhanced,Elite Carbine,Carbine,Weapon
00517514,SWG.Restoration.auctioner,Vendor Sale Complete,2022-03-14 15:57:31,"Vendor: MM Weapons has sold MM | Sliced Long Vibro Axe to Vortero Heruni for 125000 credits.
The sale took place at Tatooine, on Tatooine.",MM Weapons,MM | Sliced Long Vibro Axe,Vortero Heruni,125000,Sliced,Long Vibro Axe,Polearm,Weapon
00518657,SWG.Restoration.auctioner,Vendor Sale Complete,2022-03-14 19:11:18,"Vendor: MM RE has sold Get Grinded On to Nexara for 1 credits.
The sale took place at Tatooine, on Tatooine.",MM RE,Get Grinded On,Nexara,1,,,,Other
00522021,SWG.Restoration.auctioner,Vendor Sale Complete,2022-03-15 05:44:47,"Vendor: MM Weapons has sold MM | Sliced Rocket Launcher to Marshall SoloWest for 125000 credits.
The sale took place at Tatooine, on Tatooine.",MM Weapons,MM | Sliced Rocket Launcher,Marshall SoloWest,125000,Sliced,Rocket Launcher,Heavy,Weapon
00531133,SWG.Restoration.auctioner,Vendor Sale Complete,2022-03-16 23:44:21,"Vendor: MM Weapons has sold MM | Sliced Vibro Knuckler to Iogoom Ifeev for 125000 credits.
The sale took place at Tatooine, on Tatooine.",MM Weapons,MM | Sliced Vibro Knuckler,Iogoom Ifeev,125000,Sliced,Vibro Knuckler,Melee,Weapon
00533583,SWG.Restoration.auctioner,Vendor Sale Complete,2022-03-17 12:10:42,"Vendor: MM Weapons has sold MM | Clearance Tusken Rifle to Etoce Freedark for 60000 credits.
The sale took place at Tatooine, on Tatooine.",MM Weapons,MM | Clearance Tusken Rifle,Etoce Freedark,60000,Clearance,Tusken Rifle,Rifle,Weapon
00537390,SWG.Restoration.auctioner,Vendor Sale Complete,2022-03-18 01:03:28,"Vendor: MM Weapons has sold MM | Enhanced EE3 Carbine to Alondite for 175000 credits.
The sale took place at Tatooine, on Tatooine.",MM Weapons,MM | Enhanced EE3 Carbine,Alondite,175000,Enhanced,EE3 Carbine,Carbine,Weapon
00537401,SWG.Restoration.auctioner,Vendor Sale Complete,2022-03-18 01:04:24,"Vendor: MM Weapons has sold MM | Enhanced Elite Carbine to Alondite for 175000 credits.
The sale took place at Tatooine, on Tatooine.",MM Weapons,MM | Enhanced Elite Carbine,Alondite,175000,Enhanced,Elite Carbine,Carbine,Weapon
00545710,SWG.Restoration.auctioner,Vendor Sale Complete,2022-03-19 05:54:14,"Vendor: MM Weapons has sold MM | 89 SAC Enhanced Elite Carbine to Ambrus for 175000 credits.
The sale took place at Tatooine, on Tatooine.",MM Weapons,MM | 89 SAC Enhanced Elite Carbine,Ambrus,175000,Enhanced,SAC Enhanced Elite Carbine,,Weapon
00547080,SWG.Restoration.auctioner,Vendor Sale Complete,2022-03-19 10:30:04,"Vendor: MM Weapons has sold MM | 97 SAC Enhanced Light Lightning Rifle to Ivanna Humpallot for 175000 credits.
The sale took place at Tatooine, on Tatooine.",MM Weapons,MM | 97 SAC Enhanced Light Lightning Rifle,Ivanna Humpallot,175000,Enhanced,SAC Enhanced Light Lightning Rifle,,Weapon
00551057,SWG.Restoration.auctioner,Vendor Sale Complete,2022-03-19 22:24:40,"Vendor: MM Weapons has sold MM | Enhanced Tusken Rifle to Geolan Eclaih for 175000 credits.
The sale took place at Tatooine, on Tatooine.",MM Weapons,MM | Enhanced Tusken Rifle,Geolan Eclaih,175000,Enhanced,Tusken Rifle,Rifle,Weapon
00577378,SWG.Restoration.auctioner,Vendor Sale Complete,2022-03-23 14:41:19,"Vendor: MM Weapons has sold MM | Sliced Long Vibro Axe to Vortero Heruni for 125000 credits.
The sale took place at Tatooine, on Tatooine.",MM Weapons,MM | Sliced Long Vibro Axe,Vortero Heruni,125000,Sliced,Long Vibro Axe,Polearm,Weapon
00577739,SWG.Restoration.auctioner,Vendor Sale Complete,2022-03-23 16:46:26,"Vendor: MM Weapons has sold MM | Sliced Rocket Launcher to Deepen SideYa for 125000 credits.
The sale took place at Tatooine, on Tatooine.",MM Weapons,MM | Sliced Rocket Launcher,Deepen SideYa,125000,Sliced,Rocket Launcher,Heavy,Weapon
00586922,SWG.Restoration.auctioner,Vendor Sale Complete,2022-03-25 04:09:07,"Vendor: MM Weapons has sold MM | Clearance Power Hammer to Boma for 60000 credits.
The sale took place at Tatooine, on Tatooine.",MM Weapons,MM | Clearance Power Hammer,Boma,60000,Clearance,Power Hammer,Two Hand,Weapon
00586928,SWG.Restoration.auctioner,Vendor Sale Complete,2022-03-25 04:10:43,"Vendor: MM Weapons has sold MM | Sliced Power Hammer to Boma for 125000 credits.
The sale took place at Tatooine, on Tatooine.",MM Weapons,MM | Sliced Power Hammer,Boma,125000,Sliced,Power Hammer,Two Hand,Weapon
00588187,SWG.Restoration.auctioner,Vendor Sale Complete,2022-03-25 12:10:46,"Vendor: MM Weapons has sold MM | Sliced Rocket Launcher to Iwo Edliefe for 125000 credits.
The sale took place at Tatooine, on Tatooine.",MM Weapons,MM | Sliced Rocket Launcher,Iwo Edliefe,125000,Sliced,Rocket Launcher,Heavy,Weapon
00593676,SWG.Restoration.auctioner,Vendor Sale Complete,2022-03-26 14:15:51,"Vendor: MM Weapons has sold MM | Enhanced EE3 Carbine to Eldoran Asla for 175000 credits.
The sale took place at Tatooine, on Tatooine.",MM Weapons,MM | Enhanced EE3 Carbine,Eldoran Asla,175000,Enhanced,EE3 Carbine,Carbine,Weapon
00593685,SWG.Restoration.auctioner,Vendor Sale Complete,2022-03-26 14:20:51,"Vendor: MM Weapons has sold MM | Enhanced Light Lightning Rifle to Rusido' for 175000 credits.
The sale took place at Tatooine, on Tatooine.",MM Weapons,MM | Enhanced Light Lightning Rifle,Rusido',175000,Enhanced,Light Lightning Rifle,Rifle,Weapon
00598358,SWG.Restoration.auctioner,Vendor Sale Complete,2022-03-27 05:49:17,"Vendor: MM Weapons has sold MM | Enhanced EE3 Carbine to Jackiee Daytona for 175000 credits.
The sale took place at Tatooine, on Tatooine.",MM Weapons,MM | Enhanced EE3 Carbine,Jackiee Daytona,175000,Enhanced,EE3 Carbine,Carbine,Weapon
00598924,SWG.Restoration.auctioner,Vendor Sale Complete,2022-03-27 07:24:51,"Vendor: MM Weapons has sold MM | Sliced Rocket Launcher to Enkil Shadow-Walker for 125000 credits.
The sale took place at Tatooine, on Tatooine.",MM Weapons,MM | Sliced Rocket Launcher,Enkil Shadow-Walker,125000,Sliced,Rocket Launcher,Heavy,Weapon
00603610,SWG.Restoration.auctioner,Vendor Sale Complete,2022-03-28 00:57:07,"Vendor: MM Weapons has sold MM | Sliced T21 Rifle to Lucitia for 125000 credits.
The sale took place at Tatooine, on Tatooine.",MM Weapons,MM | Sliced T21 Rifle,Lucitia,125000,Sliced,T21 Rifle,Rifle,Weapon
00613501,SWG.Restoration.auctioner,Vendor Sale Complete,2022-03-29 21:47:52,"Vendor: MM Weapons has sold MM | Sliced Long Vibro Axe to Mortus Von for 125000 credits.
The sale took place at Tatooine, on Tatooine.",MM Weapons,MM | Sliced Long Vibro Axe,Mortus Von,125000,Sliced,Long Vibro Axe,Polearm,Weapon
00613677,SWG.Restoration.auctioner,Vendor Sale Complete,2022-03-29 22:34:37,"Vendor: MM Weapons has sold MM | Enhanced EE3 Carbine to Jadec Salo for 175000 credits.
The sale took place at Tatooine, on Tatooine.",MM Weapons,MM | Enhanced EE3 Carbine,Jadec Salo,175000,Enhanced,EE3 Carbine,Carbine,Weapon
00615143,SWG.Restoration.auctioner,Vendor Sale Complete,2022-03-30 02:49:41,"Vendor: MM Weapons has sold MM | Sliced Rocket Launcher to Conno Colleron for 125000 credits.
The sale took place at Tatooine, on Tatooine.",MM Weapons,MM | Sliced Rocket Launcher,Conno Colleron,125000,Sliced,Rocket Launcher,Heavy,Weapon
00615258,SWG.Restoration.auctioner,Vendor Sale Complete,2022-03-30 03:22:05,"Vendor: MM Weapons has sold MM | Sliced Rocket Launcher to Vigory for 125000 credits.
The sale took place at Tatooine, on Tatooine.",MM Weapons,MM | Sliced Rocket Launcher,Vigory,125000,Sliced,Rocket Launcher,Heavy,Weapon
00615558,SWG.Restoration.auctioner,Vendor Sale Complete,2022-03-30 05:00:59,"Vendor: MM Weapons has sold MM | Sliced Light Lightning Rifle to Gatoo gaijin for 125000 credits.
The sale took place at Tatooine, on Tatooine.",MM Weapons,MM | Sliced Light Lightning Rifle,Gatoo gaijin,125000,Sliced,Light Lightning Rifle,Rifle,Weapon
00646351,SWG.Restoration.auctioner,Vendor Sale Complete,2022-04-03 23:41:10,"Vendor: MM Weapons has sold MM | Sliced Light Lightning Rifle to Zenkir Ireanu for 125000 credits.
The sale took place at Tatooine, on Tatooine.",MM Weapons,MM | Sliced Light Lightning Rifle,Zenkir Ireanu,125000,Sliced,Light Lightning Rifle,Rifle,Weapon
00655986,SWG.Restoration.auctioner,Vendor Sale Complete,2022-04-05 15:22:52,"Vendor: MM Weapons has sold MM | Clearance Vibro Knuckler to Semm Da'kal for 60000 credits.
The sale took place at Tatooine, on Tatooine.",MM Weapons,MM | Clearance Vibro Knuckler,Semm Da'kal,60000,Clearance,Vibro Knuckler,Melee,Weapon
00658415,SWG.Restoration.auctioner,Vendor Sale Complete,2022-04-05 20:53:52,"Vendor: MM Weapons has sold MM | Sliced Rocket Launcher to Olatracy Darklight for 125000 credits.
The sale took place at Tatooine, on Tatooine.",MM Weapons,MM | Sliced Rocket Launcher,Olatracy Darklight,125000,Sliced,Rocket Launcher,Heavy,Weapon
00664796,SWG.Restoration.auctioner,Vendor Sale Complete,2022-04-06 23:56:40,"Vendor: MM Weapons has sold MM | Sliced Long Vibro Axe to Krank Krankheit for 125000 credits.
The sale took place at Tatooine, on Tatooine.",MM Weapons,MM | Sliced Long Vibro Axe,Krank Krankheit,125000,Sliced,Long Vibro Axe,Polearm,Weapon
00666335,SWG.Restoration.auctioner,Vendor Sale Complete,2022-04-07 03:42:42,"Vendor: MM Weapons has sold MM | Clearance Power Hammer to Krank Krankheit for 60000 credits.
The sale took place at Tatooine, on Tatooine.",MM Weapons,MM | Clearance Power Hammer,Krank Krankheit,60000,Clearance,Power Hammer,Two Hand,Weapon
00666680,SWG.Restoration.auctioner,Vendor Sale Complete,2022-04-07 05:02:38,"Vendor: MM Weapons has sold MM | Clearance DL44 XT to Syck Wydit for 60000 credits.
The sale took place at Tatooine, on Tatooine.",MM Weapons,MM | Clearance DL44 XT,Syck Wydit,60000,Clearance,DL44 XT,Pistol,Weapon
00667206,SWG.Restoration.auctioner,Vendor Sale Complete,2022-04-07 06:22:23,"Vendor: MM Weapons has sold MM | Enhanced Tusken Rifle to Sagi Cofax for 175000 credits.
The sale took place at Tatooine, on Tatooine.",MM Weapons,MM | Enhanced Tusken Rifle,Sagi Cofax,175000,Enhanced,Tusken Rifle,Rifle,Weapon
00691809,SWG.Restoration.auctioner,Vendor Sale Complete,2022-04-10 23:54:43,"Vendor: MM Weapons has sold MM | Clearance Power Hammer to Sinthrax Aketi for 60000 credits.
The sale took place at Tatooine, on Tatooine.",MM Weapons,MM | Clearance Power Hammer,Sinthrax Aketi,60000,Clearance,Power Hammer,Two Hand,Weapon
00699581,SWG.Restoration.auctioner,Vendor Sale Complete,2022-04-12 03:30:23,"Vendor: MM Weapons has sold MM | Enhanced Light Lightning Rifle to Noopa Loopa for 175000 credits.
The sale took place at Tatooine, on Tatooine.",MM Weapons,MM | Enhanced Light Lightning Rifle,Noopa Loopa,175000,Enhanced,Light Lightning Rifle,Rifle,Weapon
00707335,SWG.Restoration.auctioner,Vendor Sale Complete,2022-04-13 06:11:56,"Vendor: MM Weapons has sold MM | Clearance Vibro Knuckler to Fes for 60000 credits.
The sale took place at Tatooine, on Tatooine.",MM Weapons,MM | Clearance Vibro Knuckler,Fes,60000,Clearance,Vibro Knuckler,Melee,Weapon
00712710,SWG.Restoration.auctioner,Vendor Sale Complete,2022-04-14 01:31:51,"Vendor: MM Weapons has sold MM | Sliced Rocket Launcher to Silayn for 125000 credits.
The sale took place at Tatooine, on Tatooine.",MM Weapons,MM | Sliced Rocket Launcher,Silayn,125000,Sliced,Rocket Launcher,Heavy,Weapon
00719159,SWG.Restoration.auctioner,Vendor Sale Complete,2022-04-15 00:39:31,"Vendor: MM Weapons has sold MM | Sliced T21 Rifle to Kalrir for 125000 credits.
The sale took place at Tatooine, on Tatooine.",MM Weapons,MM | Sliced T21 Rifle,Kalrir,125000,Sliced,T21 Rifle,Rifle,Weapon
00726158,SWG.Restoration.auctioner,Vendor Sale Complete,2022-04-16 00:58:31,"Vendor: MM Weapons has sold MM | Enhanced Tusken Rifle to Geolan Eclaih for 175000 credits.
The sale took place at Tatooine, on Tatooine.",MM Weapons,MM | Enhanced Tusken Rifle,Geolan Eclaih,175000,Enhanced,Tusken Rifle,Rifle,Weapon
00728657,SWG.Restoration.auctioner,Vendor Sale Complete,2022-04-16 05:59:20,"Vendor: MM Weapons has sold MM | Sliced Long Vibro Axe to Rabena Dranath for 125000 credits.
The sale took place at Tatooine, on Tatooine.",MM Weapons,MM | Sliced Long Vibro Axe,Rabena Dranath,125000,Sliced,Long Vibro Axe,Polearm,Weapon
00733307,SWG.Restoration.auctioner,Vendor Sale Complete,2022-04-16 19:34:13,"Vendor: MM Weapons has sold MM | Sliced Light Lightning Rifle to Xargo for 125000 credits.
The sale took place at Tatooine, on Tatooine.",MM Weapons,MM | Sliced Light Lightning Rifle,Xargo,125000,Sliced,Light Lightning Rifle,Rifle,Weapon
00733425,SWG.Restoration.auctioner,Vendor Sale Complete,2022-04-16 20:06:29,"Vendor: MM Weapons has sold MM | Enhanced Tusken Rifle to Saren Vindecus for 175000 credits.
The sale took place at Tatooine, on Tatooine.",MM Weapons,MM | Enhanced Tusken Rifle,Saren Vindecus,175000,Enhanced,Tusken Rifle,Rifle,Weapon
00733990,SWG.Restoration.auctioner,Vendor Sale Complete,2022-04-16 22:22:19,"Vendor: MM Weapons has sold MM | Sliced Long Vibro Axe to Debra Rose for 125000 credits.
The sale took place at Tatooine, on Tatooine.",MM Weapons,MM | Sliced Long Vibro Axe,Debra Rose,125000,Sliced,Long Vibro Axe,Polearm,Weapon
00738499,SWG.Restoration.auctioner,Vendor Sale Complete,2022-04-17 15:10:23,"Vendor: MM Weapons has sold MM | Sliced Rocket Launcher to Vagov for 125000 credits.
The sale took place at Tatooine, on Tatooine.",MM Weapons,MM | Sliced Rocket Launcher,Vagov,125000,Sliced,Rocket Launcher,Heavy,Weapon
00740258,SWG.Restoration.auctioner,Vendor Sale Complete,2022-04-17 20:28:59,"Vendor: MM Weapons has sold MM | Enhanced Tusken Rifle to Xargo for 175000 credits.
The sale took place at Tatooine, on Tatooine.",MM Weapons,MM | Enhanced Tusken Rifle,Xargo,175000,Enhanced,Tusken Rifle,Rifle,Weapon
00752894,SWG.Restoration.auctioner,Vendor Sale Complete,2022-04-19 13:54:55,"Vendor: MM Weapons has sold MM | Sliced Light Lightning Rifle to DavetheShadow for 125000 credits.
The sale took place at Tatooine, on Tatooine.",MM Weapons,MM | Sliced Light Lightning Rifle,DavetheShadow,125000,Sliced,Light Lightning Rifle,Rifle,Weapon
00752897,SWG.Restoration.auctioner,Vendor Sale Complete,2022-04-19 13:57:07,"Vendor: MM Weapons has sold MM | Enhanced DL44 XT to DavetheShadow for 200000 credits.
The sale took place at Tatooine, on Tatooine.",MM Weapons,MM | Enhanced DL44 XT,DavetheShadow,200000,Enhanced,DL44 XT,Pistol,Weapon
00757084,SWG.Restoration.auctioner,Vendor Sale Complete,2022-04-20 03:33:29,"Vendor: MM Weapons has sold MM | Enhanced EE3 Carbine to Ianeky Esier for 175000 credits.
The sale took place at Tatooine, on Tatooine.",MM Weapons,MM | Enhanced EE3 Carbine,Ianeky Esier,175000,Enhanced,EE3 Carbine,Carbine,Weapon
00758581,SWG.Restoration.auctioner,Vendor Sale Complete,2022-04-20 13:28:12,"Vendor: MM Weapons has sold MM | Enhanced EE3 Carbine to Neeho for 175000 credits.
The sale took place at Tatooine, on Tatooine.",MM Weapons,MM | Enhanced EE3 Carbine,Neeho,175000,Enhanced,EE3 Carbine,Carbine,Weapon
00762364,SWG.Restoration.auctioner,Vendor Sale Complete,2022-04-21 01:13:59,"Vendor: MM Weapons has sold MM | Sliced Rocket Launcher to Raphek Byjorn for 125000 credits.
The sale took place at Tatooine, on Tatooine.",MM Weapons,MM | Sliced Rocket Launcher,Raphek Byjorn,125000,Sliced,Rocket Launcher,Heavy,Weapon
00766971,SWG.Restoration.auctioner,Vendor Sale Complete,2022-04-21 22:15:03,"Vendor: MM Weapons has sold MM | Sliced Elite Carbine to Synphony for 125000 credits.
The sale took place at Tatooine, on Tatooine.",MM Weapons,MM | Sliced Elite Carbine,Synphony,125000,Sliced,Elite Carbine,Carbine,Weapon
00766975,SWG.Restoration.auctioner,Vendor Sale Complete,2022-04-21 22:15:18,"Vendor: MM Weapons has sold MM | Sliced Light Lightning Rifle to Synphony for 125000 credits.
The sale took place at Tatooine, on Tatooine.",MM Weapons,MM | Sliced Light Lightning Rifle,Synphony,125000,Sliced,Light Lightning Rifle,Rifle,Weapon
00770639,SWG.Restoration.auctioner,Vendor Sale Complete,2022-04-22 17:48:55,"Vendor: MM Weapons has sold MM | Sliced Power Hammer to Kix Zovrin for 125000 credits.
The sale took place at Tatooine, on Tatooine.",MM Weapons,MM | Sliced Power Hammer,Kix Zovrin,125000,Sliced,Power Hammer,Two Hand,Weapon
00773766,SWG.Restoration.auctioner,Vendor Sale Complete,2022-04-23 05:30:14,"Vendor: MM Weapons has sold MM | 79 SAC Enhanced DL44 XT to Kramer for 200000 credits.
The sale took place at Tatooine, on Tatooine.",MM Weapons,MM | 79 SAC Enhanced DL44 XT,Kramer,200000,Enhanced,SAC Enhanced DL44 XT,,Weapon
00809201,SWG.Restoration.auctioner,Vendor Sale Complete,2022-04-28 22:58:58,"Vendor: MM Weapons has sold MM | Clearance Long Vibro Axe to Orix'Ne for 60000 credits.
The sale took place at Tatooine, on Tatooine.",MM Weapons,MM | Clearance Long Vibro Axe,Orix'Ne,60000,Clearance,Long Vibro Axe,Polearm,Weapon
00809312,SWG.Restoration.auctioner,Vendor Sale Complete,2022-04-28 23:15:40,"Vendor: MM Weapons has sold MM | Clearance E11 Carbine to Syck Wydit for 60000 credits.
The sale took place at Tatooine, on Tatooine.",MM Weapons,MM | Clearance E11 Carbine,Syck Wydit,60000,Clearance,E11 Carbine,Carbine,Weapon
00809315,SWG.Restoration.auctioner,Vendor Sale Complete,2022-04-28 23:15:55,"Vendor: MM Weapons has sold MM | Clearance Tusken Rifle to Syck Wydit for 60000 credits.
The sale took place at Tatooine, on Tatooine.",MM Weapons,MM | Clearance Tusken Rifle,Syck Wydit,60000,Clearance,Tusken Rifle,Rifle,Weapon
00811820,SWG.Restoration.auctioner,Vendor Sale Complete,2022-04-29 07:30:17,"Vendor: MM Weapons has sold MM | Clearance Vibro Blade to Orix'Ne for 60000 credits.
The sale took place at Tatooine, on Tatooine.",MM Weapons,MM | Clearance Vibro Blade,Orix'Ne,60000,Clearance,Vibro Blade,One Hand,Weapon
00811974,SWG.Restoration.auctioner,Vendor Sale Complete,2022-04-29 08:08:03,"Vendor: MM Weapons has sold MM | Sliced Power Hammer to Orix'Ne for 125000 credits.
The sale took place at Tatooine, on Tatooine.",MM Weapons,MM | Sliced Power Hammer,Orix'Ne,125000,Sliced,Power Hammer,Two Hand,Weapon
00811978,SWG.Restoration.auctioner,Vendor Sale Complete,2022-04-29 08:09:59,"Vendor: MM Weapons has sold MM | Sliced Vibro Knuckler to Orix'Ne for 125000 credits.
The sale took place at Tatooine, on Tatooine.",MM Weapons,MM | Sliced Vibro Knuckler,Orix'Ne,125000,Sliced,Vibro Knuckler,Melee,Weapon
00838000,SWG.Restoration.auctioner,Vendor Sale Complete,2022-05-03 21:20:30,"Vendor: MM Weapons has sold MM | Sliced T21 Rifle to Mosep for 125000 credits.
The sale took place at Tatooine, on Tatooine.",MM Weapons,MM | Sliced T21 Rifle,Mosep,125000,Sliced,T21 Rifle,Rifle,Weapon
00848057,SWG.Restoration.auctioner,Vendor Sale Complete,2022-05-05 11:03:06,"Vendor: MM Weapons has sold MM | Sliced Elite Carbine to Tolis Hellenas for 125000 credits.
The sale took place at Tatooine, on Tatooine.",MM Weapons,MM | Sliced Elite Carbine,Tolis Hellenas,125000,Sliced,Elite Carbine,Carbine,Weapon
00857679,SWG.Restoration.auctioner,Vendor Sale Complete,2022-05-07 12:22:40,"Vendor: MM Weapons has sold MM | Sliced Elite Carbine to Grandma Rose for 125000 credits.
The sale took place at Tatooine, on Tatooine.",MM Weapons,MM | Sliced Elite Carbine,Grandma Rose,125000,Sliced,Elite Carbine,Carbine,Weapon
00866988,SWG.Restoration.auctioner,Vendor Sale Complete,2022-05-08 21:14:53,"Vendor: MM Weapons has sold MM | Sliced Rocket Launcher to Brazzez for 125000 credits.
The sale took place at Tatooine, on Tatooine.",MM Weapons,MM | Sliced Rocket Launcher,Brazzez,125000,Sliced,Rocket Launcher,Heavy,Weapon
00869034,SWG.Restoration.auctioner,Vendor Sale Complete,2022-05-09 04:26:21,"Vendor: MM Weapons has sold MM | Sliced Rocket Launcher to Harssh Sslice for 125000 credits.
The sale took place at Tatooine, on Tatooine.",MM Weapons,MM | Sliced Rocket Launcher,Harssh Sslice,125000,Sliced,Rocket Launcher,Heavy,Weapon
00869040,SWG.Restoration.auctioner,Vendor Sale Complete,2022-05-09 04:27:34,"Vendor: MM Weapons has sold MM | Sliced Tusken Rifle to Harssh Sslice for 125000 credits.
The sale took place at Tatooine, on Tatooine.",MM Weapons,MM | Sliced Tusken Rifle,Harssh Sslice,125000,Sliced,Tusken Rifle,Rifle,Weapon
00884102,SWG.Restoration.auctioner,Vendor Sale Complete,2022-05-12 05:21:39,"Vendor: MM Weapons has sold MM | Enhanced Tusken Rifle to Telrain Cosmar for 175000 credits.
The sale took place at Tatooine, on Tatooine.",MM Weapons,MM | Enhanced Tusken Rifle,Telrain Cosmar,175000,Enhanced,Tusken Rifle,Rifle,Weapon
00884721,SWG.Restoration.auctioner,Vendor Sale Complete,2022-05-12 11:57:00,"Vendor: MM Weapons has sold MM | Enhanced 84 SAC EE3 Carbine to Stickyduck for 175000 credits.
The sale took place at Tatooine, on Tatooine.",MM Weapons,MM | Enhanced 84 SAC EE3 Carbine,Stickyduck,175000,Enhanced,84 SAC EE3 Carbine,,Weapon
00892308,SWG.Restoration.auctioner,Vendor Sale Complete,2022-05-13 22:10:52,"Vendor: MM Weapons has sold MM | Enhanced EE3 Carbine to Somraaw Kuddon for 175000 credits.
The sale took place at Tatooine, on Tatooine.",MM Weapons,MM | Enhanced EE3 Carbine,Somraaw Kuddon,175000,Enhanced,EE3 Carbine,Carbine,Weapon
00896333,SWG.Restoration.auctioner,Vendor Sale Complete,2022-05-14 16:18:35,"Vendor: MM Weapons has sold MM | Sliced Rocket Launcher to Orchte for 125000 credits.
The sale took place at Tatooine, on Tatooine.",MM Weapons,MM | Sliced Rocket Launcher,Orchte,125000,Sliced,Rocket Launcher,Heavy,Weapon
00898601,SWG.Restoration.auctioner,Vendor Sale Complete,2022-05-14 19:21:02,"Vendor: MM Weapons has sold MM | Sliced Rocket Launcher to Ravoet Nimile for 125000 credits.
The sale took place at Tatooine, on Tatooine.",MM Weapons,MM | Sliced Rocket Launcher,Ravoet Nimile,125000,Sliced,Rocket Launcher,Heavy,Weapon
00898923,SWG.Restoration.auctioner,Vendor Sale Complete,2022-05-14 20:52:48,"Vendor: MM Weapons has sold MM | Enhanced Tusken Rifle to Debbie Antilees for 175000 credits.
The sale took place at Tatooine, on Tatooine.",MM Weapons,MM | Enhanced Tusken Rifle,Debbie Antilees,175000,Enhanced,Tusken Rifle,Rifle,Weapon
00898925,SWG.Restoration.auctioner,Vendor Sale Complete,2022-05-14 20:52:56,"Vendor: MM Weapons has sold MM | Enhanced E11 Rifle to Debbie Antilees for 175000 credits.
The sale took place at Tatooine, on Tatooine.",MM Weapons,MM | Enhanced E11 Rifle,Debbie Antilees,175000,Enhanced,E11 Rifle,Rifle,Weapon
00906333,SWG.Restoration.auctioner,Vendor Sale Complete,2022-05-15 23:31:09,"Vendor: MM Weapons has sold MM | Enhanced 87 SAC EE3 Carbine to Loewenbiss for 175000 credits.
The sale took place at Tatooine, on Tatooine.",MM Weapons,MM | Enhanced 87 SAC EE3 Carbine,Loewenbiss,175000,Enhanced,87 SAC EE3 Carbine,,Weapon
00906338,SWG.Restoration.auctioner,Vendor Sale Complete,2022-05-15 23:32:12,"Vendor: MM Weapons has sold MM | Sliced DL44 XT to Loewenbiss for 125000 credits.
The sale took place at Tatooine, on Tatooine.",MM Weapons,MM | Sliced DL44 XT,Loewenbiss,125000,Sliced,DL44 XT,Pistol,Weapon
00907505,SWG.Restoration.auctioner,Vendor Sale Complete,2022-05-16 03:23:27,"Vendor: MM Weapons has sold MM | Enhanced EE3 Carbine to Sevv Adesi for 175000 credits.
The sale took place at Tatooine, on Tatooine.",MM Weapons,MM | Enhanced EE3 Carbine,Sevv Adesi,175000,Enhanced,EE3 Carbine,Carbine,Weapon
00915292,SWG.Restoration.auctioner,Vendor Sale Complete,2022-05-17 19:10:06,"Vendor: MM Weapons has sold MM | Enhanced Max Output Republic Blaster to Cylte Lian for 200000 credits.
The sale took place at Tatooine, on Tatooine.",MM Weapons,MM | Enhanced Max Output Republic Blaster,Cylte Lian,200000,Enhanced,Max Output Republic Blaster,,Weapon
00926897,SWG.Restoration.auctioner,Vendor Sale Complete,2022-05-19 17:16:26,"Vendor: MM Weapons has sold MM | Enhanced 89 SAC EE3 Carbine to Goldman Sachs for 175000 credits.
The sale took place at Tatooine, on Tatooine.",MM Weapons,MM | Enhanced 89 SAC EE3 Carbine,Goldman Sachs,175000,Enhanced,89 SAC EE3 Carbine,,Weapon
00927712,SWG.Restoration.auctioner,Vendor Sale Complete,2022-05-19 18:56:31,"Vendor: MM Weapons has sold Rodian Milk (Booster Blue)     25 to Sio Kolb for 2500 credits.
The sale took place at Tatooine, on Tatooine.",MM Weapons,Rodian Milk (Booster Blue)     25,Sio Kolb,2500,,,,Other
00929123,SWG.Restoration.auctioner,Vendor Sale Complete,2022-05-19 22:52:33,"Vendor: MM Weapons has sold MM | Sliced Gaderiffi Baton to Jundra for 125000 credits.
The sale took place at Tatooine, on Tatooine.",MM Weapons,MM | Sliced Gaderiffi Baton,Jundra,125000,Sliced,Gaderiffi Baton,One Hand,Weapon
00930151,SWG.Restoration.auctioner,Vendor Sale Complete,2022-05-20 02:12:34,"Vendor: MM Weapons has sold MM | Enhanced EE3 Carbine to Derised Morphix for 175000 credits.
The sale took place at Tatooine, on Tatooine.",MM Weapons,MM | Enhanced EE3 Carbine,Derised Morphix,175000,Enhanced,EE3 Carbine,Carbine,Weapon
00930760,SWG.Restoration.auctioner,Vendor Sale Complete,2022-05-20 05:48:09,"Vendor: A-A Sporting Goods has sold Berserker Rifle to A-A Builder for 2000000 credits.
The sale took place at Nym Protectorate, on Lok.",A-A Sporting Goods,Berserker Rifle,A-A Builder,2000000,,,,Other
00932487,SWG.Restoration.auctioner,Vendor Sale Complete,2022-05-20 14:19:38,"Vendor: MM Weapons has sold MM | Enhanced Light Lightning Rifle to Voldaen Cofax for 175000 credits.
The sale took place at Tatooine, on Tatooine.",MM Weapons,MM | Enhanced Light Lightning Rifle,Voldaen Cofax,175000,Enhanced,Light Lightning Rifle,Rifle,Weapon
00943630,SWG.Restoration.auctioner,Vendor Sale Complete,2022-05-22 02:36:10,"Vendor: MM Weapons has sold MM | Clearance T21 Rifle to Zaknafeyn Storm for 60000 credits.
The sale took place at Tatooine, on Tatooine.",MM Weapons,MM | Clearance T21 Rifle,Zaknafeyn Storm,60000,Clearance,T21 Rifle,Rifle,Weapon
00943636,SWG.Restoration.auctioner,Vendor Sale Complete,2022-05-22 02:37:00,"Vendor: MM Weapons has sold MM | Sliced DL44 XT to Death-awaits-u for 125000 credits.
The sale took place at Tatooine, on Tatooine.",MM Weapons,MM | Sliced DL44 XT,Death-awaits-u,125000,Sliced,DL44 XT,Pistol,Weapon
00947346,SWG.Restoration.auctioner,Vendor Sale Complete,2022-05-22 15:29:08,"Vendor: MM Weapons has sold MM | Enhanced E11 Rifle to Saggitariut Jefferspin for 175000 credits.
The sale took place at Tatooine, on Tatooine.",MM Weapons,MM | Enhanced E11 Rifle,Saggitariut Jefferspin,175000,Enhanced,E11 Rifle,Rifle,Weapon
00951589,SWG.Restoration.auctioner,Vendor Sale Complete,2022-05-23 05:10:37,"Vendor: MM Weapons has sold MM | Enhanced EE3 Carbine to Debbie Antilees for 175000 credits.
The sale took place at Tatooine, on Tatooine.",MM Weapons,MM | Enhanced EE3 Carbine,Debbie Antilees,175000,Enhanced,EE3 Carbine,Carbine,Weapon
00951593,SWG.Restoration.auctioner,Vendor Sale Complete,2022-05-23 05:10:52,"Vendor: MM Weapons has sold MM | Enhanced 76 SAC Republic Blaster to Debbie Antilees for 200000 credits.
The sale took place at Tatooine, on Tatooine.",MM Weapons,MM | Enhanced 76 SAC Republic Blaster,Debbie Antilees,200000,Enhanced,76 SAC Republic Blaster,,Weapon
00955238,SWG.Restoration.auctioner,Vendor Sale Complete,2022-05-23 22:14:38,"Vendor: MM Weapons has sold MM | 79 SAC Enhanced DL44 XT to Larohs Falle for 200000 credits.
The sale took place at Tatooine, on Tatooine.",MM Weapons,MM | 79 SAC Enhanced DL44 XT,Larohs Falle,200000,Enhanced,SAC Enhanced DL44 XT,,Weapon
00956155,SWG.Restoration.auctioner,Vendor Sale Complete,2022-05-24 00:52:16,"Vendor: MM Weapons has sold MM | Enhanced E11 Carbine to Rakarr Myssk for 175000 credits.
The sale took place at Tatooine, on Tatooine.",MM Weapons,MM | Enhanced E11 Carbine,Rakarr Myssk,175000,Enhanced,E11 Carbine,Carbine,Weapon
00957068,SWG.Restoration.auctioner,Vendor Sale Complete,2022-05-24 02:54:50,"Vendor: MM Weapons has sold MM | Sliced Long Vibro Axe to Larryy Fish for 125000 credits.
The sale took place at Nym Protectorate, on Lok.",MM Weapons,MM | Sliced Long Vibro Axe,Larryy Fish,125000,Sliced,Long Vibro Axe,Polearm,Weapon
00957070,SWG.Restoration.auctioner,Vendor Sale Complete,2022-05-24 02:54:55,"Vendor: MM Weapons has sold MM | Sliced Rocket Launcher to Nodnarb Jorkins for 125000 credits.
The sale took place at Nym Protectorate, on Lok.",MM Weapons,MM | Sliced Rocket Launcher,Nodnarb Jorkins,125000,Sliced,Rocket Launcher,Heavy,Weapon
00958753,SWG.Restoration.auctioner,Vendor Sale Complete,2022-05-24 11:37:38,"Vendor: Storage has sold Junk... F to Dwight Schrute for 3297000 credits.
The sale took place at North Crimson Flats, on Talus.",Storage,Junk... F,Dwight Schrute,3297000,,,,Other
00966302,SWG.Restoration.auctioner,Vendor Sale Complete,2022-05-25 23:04:30,"Vendor: MM Weapons has sold MM | Enhanced Republic Blaster to Korrido Ligek for 200000 credits.
The sale took place at Nym Protectorate, on Lok.",MM Weapons,MM | Enhanced Republic Blaster,Korrido Ligek,200000,Enhanced,Republic Blaster,Pistol,Weapon
00970784,SWG.Restoration.auctioner,Vendor Sale Complete,2022-05-26 22:48:16,"Vendor: MM Weapons has sold Rodian Milk (Booster Blue)     25 to Modota for 2500 credits.
The sale took place at Nym Protectorate, on Lok.",MM Weapons,Rodian Milk (Booster Blue)     25,Modota,2500,,,,Other
00970786,SWG.Restoration.auctioner,Vendor Sale Complete,2022-05-26 22:48:20,"Vendor: MM Weapons has sold Rodian Milk (Booster Blue)     25 to Modota for 2500 credits.
The sale took place at Nym Protectorate, on Lok.",MM Weapons,Rodian Milk (Booster Blue)     25,Modota,2500,,,,Other
00970788,SWG.Restoration.auctioner,Vendor Sale Complete,2022-05-26 22:48:23,"Vendor: MM Weapons has sold Rodian Milk (Booster Blue)     25 to Modota for 2500 credits.
The sale took place at Nym Protectorate, on Lok.",MM Weapons,Rodian Milk (Booster Blue)     25,Modota,2500,,,,Other
00970790,SWG.Restoration.auctioner,Vendor Sale Complete,2022-05-26 22:48:26,"Vendor: MM Weapons has sold Rodian Milk (Booster Blue)     25 to Modota for 2500 credits.
The sale took place at Nym Protectorate, on Lok.",MM Weapons,Rodian Milk (Booster Blue)     25,Modota,2500,,,,Other
00970796,SWG.Restoration.auctioner,Vendor Sale Complete,2022-05-26 22:49:02,"Vendor: MM Weapons has sold MM | Enhanced 98 SAC E11 Rifle to Modota for 175000 credits.
The sale took place at Nym Protectorate, on Lok.",MM Weapons,MM | Enhanced 98 SAC E11 Rifle,Modota,175000,Enhanced,98 SAC E11 Rifle,,Weapon
00970798,SWG.Restoration.auctioner,Vendor Sale Complete,2022-05-26 22:49:05,"Vendor: MM Weapons has sold MM | Enhanced 84 SAC E11 Rifle to Modota for 175000 credits.
The sale took place at Nym Protectorate, on Lok.",MM Weapons,MM | Enhanced 84 SAC E11 Rifle,Modota,175000,Enhanced,84 SAC E11 Rifle,,Weapon
00975909,SWG.Restoration.auctioner,Vendor Sale Complete,2022-05-27 23:04:03,"Vendor: MM Weapons has sold MM | Enhanced 95 SAC EE3 Carbine to ASARYAN LaHAINE for 175000 credits.
The sale took place at Nym Protectorate, on Lok.",MM Weapons,MM | Enhanced 95 SAC EE3 Carbine,ASARYAN LaHAINE,175000,Enhanced,95 SAC EE3 Carbine,,Weapon
01020250,SWG.Restoration.auctioner,Vendor Sale Complete,2022-06-04 15:05:00,"Vendor: MM Weapons has sold MM | Sliced Power Hammer to Jundra for 125000 credits.
The sale took place at Nym Protectorate, on Lok.",MM Weapons,MM | Sliced Power Hammer,Jundra,125000,Sliced,Power Hammer,Two Hand,Weapon
01020694,SWG.Restoration.auctioner,Vendor Sale Complete,2022-06-04 16:44:42,"Vendor: MM Weapons has sold MM | 76 SAC Enhanced DL44 XT to Titio Avo for 200000 credits.
The sale took place at Nym Protectorate, on Lok.",MM Weapons,MM | 76 SAC Enhanced DL44 XT,Titio Avo,200000,Enhanced,SAC Enhanced DL44 XT,,Weapon
01020709,SWG.Restoration.auctioner,Vendor Sale Complete,2022-06-04 16:53:29,"Vendor: MM Weapons has sold MM | Sliced Vibro Knuckler to Gothmog for 125000 credits.
The sale took place at Nym Protectorate, on Lok.",MM Weapons,MM | Sliced Vibro Knuckler,Gothmog,125000,Sliced,Vibro Knuckler,Melee,Weapon
01030024,SWG.Restoration.auctioner,Vendor Sale Complete,2022-06-06 03:05:50,"Vendor: MM Weapons has sold MM | Sliced Long Vibro Axe to Aenea Lohiat for 125000 credits.
The sale took place at Nym Protectorate, on Lok.",MM Weapons,MM | Sliced Long Vibro Axe,Aenea Lohiat,125000,Sliced,Long Vibro Axe,Polearm,Weapon
01030042,SWG.Restoration.auctioner,Vendor Sale Complete,2022-06-06 03:07:06,"Vendor: MM Weapons has sold MM | Sliced Elite Carbine to kalyhoo bull for 125000 credits.
The sale took place at Nym Protectorate, on Lok.",MM Weapons,MM | Sliced Elite Carbine,kalyhoo bull,125000,Sliced,Elite Carbine,Carbine,Weapon
01036188,SWG.Restoration.auctioner,Vendor Sale Complete,2022-06-07 03:23:32,"Vendor: MM Weapons has sold MM | Sliced Gaderiffi Baton to Jundra for 125000 credits.
The sale took place at Nym Protectorate, on Lok.",MM Weapons,MM | Sliced Gaderiffi Baton,Jundra,125000,Sliced,Gaderiffi Baton,One Hand,Weapon
01038961,SWG.Restoration.auctioner,Vendor Sale Complete,2022-06-07 18:03:29,"Vendor: MM Weapons has sold MM | Sliced Rocket Launcher to Chaam Hoaur for 125000 credits.
The sale took place at Nym Protectorate, on Lok.",MM Weapons,MM | Sliced Rocket Launcher,Chaam Hoaur,125000,Sliced,Rocket Launcher,Heavy,Weapon
01040947,SWG.Restoration.auctioner,Vendor Sale Complete,2022-06-08 00:08:59,"Vendor: MM Weapons has sold Rodian Milk (Booster Blue)     25 to Taldarin Mengsk for 2500 credits.
The sale took place at Nym Protectorate, on Lok.",MM Weapons,Rodian Milk (Booster Blue)     25,Taldarin Mengsk,2500,,,,Other
01040949,SWG.Restoration.auctioner,Vendor Sale Complete,2022-06-08 00:09:03,"Vendor: MM Weapons has sold Rodian Milk (Booster Blue)     25 to Taldarin Mengsk for 2500 credits.
The sale took place at Nym Protectorate, on Lok.",MM Weapons,Rodian Milk (Booster Blue)     25,Taldarin Mengsk,2500,,,,Other
01042664,SWG.Restoration.auctioner,Vendor Sale Complete,2022-06-08 06:02:27,"Vendor: MM Weapons has sold MM | Enhanced 79 SAC Republic Blaster to Mavado for 200000 credits.
The sale took place at Nym Protectorate, on Lok.",MM Weapons,MM | Enhanced 79 SAC Republic Blaster,Mavado,200000,Enhanced,79 SAC Republic Blaster,,Weapon
01086316,SWG.Restoration.auctioner,Vendor Sale Complete,2022-06-13 16:57:15,"Vendor: MM Weapons has sold MM | Enhanced Light Lightning Rifle to Growlbacca for 175000 credits.
The sale took place at Nym Protectorate, on Lok.",MM Weapons,MM | Enhanced Light Lightning Rifle,Growlbacca,175000,Enhanced,Light Lightning Rifle,Rifle,Weapon
01089500,SWG.Restoration.auctioner,Vendor Sale Complete,2022-06-13 23:57:03,"Vendor: MM Weapons has sold MM | Sliced Power Hammer to Hoisky Galij for 125000 credits.
The sale took place at Nym Protectorate, on Lok.",MM Weapons,MM | Sliced Power Hammer,Hoisky Galij,125000,Sliced,Power Hammer,Two Hand,Weapon
01089519,SWG.Restoration.auctioner,Vendor Sale Complete,2022-06-13 23:59:14,"Vendor: MM Weapons has sold MM | Sliced Vibro Knuckler to Hoisky Galij for 125000 credits.
The sale took place at Nym Protectorate, on Lok.",MM Weapons,MM | Sliced Vibro Knuckler,Hoisky Galij,125000,Sliced,Vibro Knuckler,Melee,Weapon
01090723,SWG.Restoration.auctioner,Vendor Sale Complete,2022-06-14 03:34:48,"Vendor: MM Weapons has sold MM | Enhanced 88 SAC EE3 Carbine to Elindil Pendrago for 175000 credits.
The sale took place at Nym Protectorate, on Lok.",MM Weapons,MM | Enhanced 88 SAC EE3 Carbine,Elindil Pendrago,175000,Enhanced,88 SAC EE3 Carbine,,Weapon
01091629,SWG.Restoration.auctioner,Vendor Sale Complete,2022-06-14 07:04:37,"Vendor: MM Weapons has sold MM | Sliced T21 Rifle to Telrain Cosmar for 125000 credits.
The sale took place at Nym Protectorate, on Lok.",MM Weapons,MM | Sliced T21 Rifle,Telrain Cosmar,125000,Sliced,T21 Rifle,Rifle,Weapon
01096670,SWG.Restoration.auctioner,Vendor Sale Complete,2022-06-15 03:06:19,"Vendor: MM Weapons has sold Rodian Milk (Booster Blue)     25 to Favith Uttenveg for 2500 credits.
The sale took place at Nym Protectorate, on Lok.",MM Weapons,Rodian Milk (Booster Blue)     25,Favith Uttenveg,2500,,,,Other
01096700,SWG.Restoration.auctioner,Vendor Sale Complete,2022-06-15 03:10:01,"Vendor: MM Weapons has sold MM | Enhanced E11 Carbine to Favith Uttenveg for 175000 credits.
The sale took place at Nym Protectorate, on Lok.",MM Weapons,MM | Enhanced E11 Carbine,Favith Uttenveg,175000,Enhanced,E11 Carbine,Carbine,Weapon
01097258,SWG.Restoration.auctioner,Vendor Sale Complete,2022-06-15 05:30:46,"Vendor: MM Weapons has sold MM | Enhanced E11 Rifle to Mastik Betr'Danbacon for 175000 credits.
The sale took place at Nym Protectorate, on Lok.",MM Weapons,MM | Enhanced E11 Rifle,Mastik Betr'Danbacon,175000,Enhanced,E11 Rifle,Rifle,Weapon
01097261,SWG.Restoration.auctioner,Vendor Sale Complete,2022-06-15 05:31:16,"Vendor: MM Weapons has sold MM | Enhanced Light Lightning Rifle to Mastik Betr'Danbacon for 175000 credits.
The sale took place at Nym Protectorate, on Lok.",MM Weapons,MM | Enhanced Light Lightning Rifle,Mastik Betr'Danbacon,175000,Enhanced,Light Lightning Rifle,Rifle,Weapon
01097266,SWG.Restoration.auctioner,Vendor Sale Complete,2022-06-15 05:31:35,"Vendor: MM Weapons has sold MM | Clearance T21 Rifle to Mastik Betr'Danbacon for 50000 credits.
The sale took place at Nym Protectorate, on Lok.",MM Weapons,MM | Clearance T21 Rifle,Mastik Betr'Danbacon,50000,Clearance,T21 Rifle,Rifle,Weapon
01108523,SWG.Restoration.auctioner,Vendor Sale Complete,2022-06-17 04:09:55,"Vendor: MM Weapons has sold Sinthrax to Naisha for 200000 credits.
The sale took place at Nym Protectorate, on Lok.",MM Weapons,Sinthrax,Naisha,200000,,,,Other
01113135,SWG.Restoration.auctioner,Vendor Sale Complete,2022-06-17 23:51:42,"Vendor: MM Weapons has sold MM | Sliced Rocket Launcher to Greyah Barish for 125000 credits.
The sale took place at Nym Protectorate, on Lok.",MM Weapons,MM | Sliced Rocket Launcher,Greyah Barish,125000,Sliced,Rocket Launcher,Heavy,Weapon
01121410,SWG.Restoration.auctioner,Vendor Sale Complete,2022-06-19 08:59:23,"Vendor: MM Weapons has sold Rodian Milk (Booster Blue)     25 to Itara for 1000 credits.
The sale took place at Nym Protectorate, on Lok.",MM Weapons,Rodian Milk (Booster Blue)     25,Itara,1000,,,,Other
01121412,SWG.Restoration.auctioner,Vendor Sale Complete,2022-06-19 08:59:26,"Vendor: MM Weapons has sold Rodian Milk (Booster Blue)     25 to Itara for 1000 credits.
The sale took place at Nym Protectorate, on Lok.",MM Weapons,Rodian Milk (Booster Blue)     25,Itara,1000,,,,Other
01121414,SWG.Restoration.auctioner,Vendor Sale Complete,2022-06-19 08:59:30,"Vendor: MM Weapons has sold Rodian Milk (Booster Blue)     25 to Itara for 1000 credits.
The sale took place at Nym Protectorate, on Lok.",MM Weapons,Rodian Milk (Booster Blue)     25,Itara,1000,,,,Other
01121416,SWG.Restoration.auctioner,Vendor Sale Complete,2022-06-19 08:59:33,"Vendor: MM Weapons has sold Rodian Milk (Booster Blue)     25 to Itara for 1000 credits.
The sale took place at Nym Protectorate, on Lok.",MM Weapons,Rodian Milk (Booster Blue)     25,Itara,1000,,,,Other
01124969,SWG.Restoration.auctioner,Vendor Sale Complete,2022-06-19 22:54:38,"Vendor: MM Weapons has sold MM | Enhanced Republic Blaster to Revenant for 200000 credits.
The sale took place at Nym Protectorate, on Lok.",MM Weapons,MM | Enhanced Republic Blaster,Revenant,200000,Enhanced,Republic Blaster,Pistol,Weapon
01124971,SWG.Restoration.auctioner,Vendor Sale Complete,2022-06-19 22:54:41,"Vendor: MM Weapons has sold MM | Enhanced Republic Blaster to Revenant for 200000 credits.
The sale took place at Nym Protectorate, on Lok.",MM Weapons,MM | Enhanced Republic Blaster,Revenant,200000,Enhanced,Republic Blaster,Pistol,Weapon
01124973,SWG.Restoration.auctioner,Vendor Sale Complete,2022-06-19 22:54:44,"Vendor: MM Weapons has sold MM | Enhanced Republic Blaster to Revenant for 200000 credits.
The sale took place at Nym Protectorate, on Lok.",MM Weapons,MM | Enhanced Republic Blaster,Revenant,200000,Enhanced,Republic Blaster,Pistol,Weapon
01124975,SWG.Restoration.auctioner,Vendor Sale Complete,2022-06-19 22:54:48,"Vendor: MM Weapons has sold MM | Enhanced Republic Blaster to Revenant for 200000 credits.
The sale took place at Nym Protectorate, on Lok.",MM Weapons,MM | Enhanced Republic Blaster,Revenant,200000,Enhanced,Republic Blaster,Pistol,Weapon
01124978,SWG.Restoration.auctioner,Vendor Sale Complete,2022-06-19 22:54:51,"Vendor: MM Weapons has sold MM | Enhanced Republic Blaster to Revenant for 200000 credits.
The sale took place at Nym Protectorate, on Lok.",MM Weapons,MM | Enhanced Republic Blaster,Revenant,200000,Enhanced,Republic Blaster,Pistol,Weapon
01124997,SWG.Restoration.auctioner,Vendor Sale Complete,2022-06-19 22:58:21,"Vendor: MM Weapons has sold Rodian Milk (Booster Blue)     25 to Revenant for 2500 credits.
The sale took place at Nym Protectorate, on Lok.",MM Weapons,Rodian Milk (Booster Blue)     25,Revenant,2500,,,,Other
01125001,SWG.Restoration.auctioner,Vendor Sale Complete,2022-06-19 22:58:24,"Vendor: MM Weapons has sold Rodian Milk (Booster Blue)     25 to Revenant for 2500 credits.
The sale took place at Nym Protectorate, on Lok.",MM Weapons,Rodian Milk (Booster Blue)     25,Revenant,2500,,,,Other
01125003,SWG.Restoration.auctioner,Vendor Sale Complete,2022-06-19 22:58:38,"Vendor: MM Weapons has sold Rodian Milk (Booster Blue)     25 to Revenant for 2500 credits.
The sale took place at Nym Protectorate, on Lok.",MM Weapons,Rodian Milk (Booster Blue)     25,Revenant,2500,,,,Other
